,Complaints,age_residents,race_residents,typeof_household_residents,education_residents,ownorrent_residents,transportationtype_residents,income_residents,housing_values_residents,rent_residents,age_workers,race_workers,typeof_household_workers,education_workers,ownorrent_workers,transportationtype_workers,income_workers,housing_values_workers,rent_workers
0,APPLIANCE,"[['Population under 18', 0.0052656369853415676], 0.41355158046176571]","[['population hispanic', 0.0026006591580435608], 0.61234697599785137]","[[nan, nan], nan]","[[nan, nan], nan]","[['renter occupied units', 0.0062537067242864211], 0.32752421031418988]","[['transportation public', 0.0070538606136763436], 0.24599045104640346]","[['household income less than 40', 0.016768321221072285], 0.52581960046568255]","[[nan, nan], nan]","[['rent less than 1000', 0.0097270126026412478], 0.58061560803774592]","[[nan, nan], nan]","[[nan, nan], nan]","[[nan, nan], nan]","[[nan, nan], nan]","[[nan, nan], nan]","[[nan, nan], nan]","[[nan, nan], nan]","[[nan, nan], nan]","[[nan, nan], nan]"
1,Air Quality,"[['population between 18 and 34', 0.00610051234753624], 0.40621504231074967]","[['population other race', 0.0026781710290391964], 0.22999025952026991]","[['nonfamily households', 0.0072231026211419377], 0.61625850658249537]","[['population education masters', 0.0071336373877798169], 0.57299415694969669]","[['renter occupied units', 0.0028722251247940041], 0.38334691396707332]","[['tranportation motorcycle', 0.33228036970729358], 0.59428794313417799]","[['household income 75 and above', 0.0089864366530675709], 0.60549228109168551]","[[nan, nan], nan]","[['rent 2000 or more', 0.012121924886704428], 0.6258963249649423]","[[nan, nan], nan]","[[nan, nan], nan]","[[nan, nan], nan]","[['population education phd_n', 0.3805480587258217], 0.254235496163224]","[['renter occupied units_n', 0.0041991772745048825], 0.29223251031380992]","[['transportation public_n', 0.040324400710231953], 0.25811926741453456]","[[nan, nan], nan]","[[nan, nan], nan]","[[nan, nan], nan]"
2,Animal Abuse,"[['population between 18 and 34', 0.0017984798172694355], 0.36543613250941531]","[['population other race', 0.0022220392896773163], 0.43747501729751642]","[['family households', 0.0043893523452790866], 0.33192811753741858]","[['population education high school or less', 0.0049141189745240503], 0.35682543495923025]","[[nan, nan], nan]","[['transportation car', 0.0028771836766087891], 0.23536856576597409]","[['household income from 40 to 75', 0.0062672674481670642], 0.35283303417760842]","[[nan, nan], nan]","[['rent less than 1000', 0.0045844691746463207], 0.2391335657877674]","[[nan, nan], nan]","[[nan, nan], nan]","[[nan, nan], nan]","[[nan, nan], nan]","[[nan, nan], nan]","[[nan, nan], nan]","[[nan, nan], nan]","[[nan, nan], nan]","[[nan, nan], nan]"
3,Asbestos,"[['population between 18 and 34', 0.0011005827476395155], 0.30973086474030481]","[[nan, nan], nan]","[['nonfamily households', 0.0018397123453006809], 0.51095903221871175]","[['population education masters', 0.0039696377664777778], 0.24078816409886736]","[['renter occupied units', 0.00095539538505183357], 0.45907159577837331]","[['tranportation motorcycle', 0.089816095779997857], 0.35105356482208649]","[['household income less than 40', 0.002576885851637299], 0.40498476697043934]","[[nan, nan], nan]","[['rent 2000 or more', 0.0027140979568161328], 0.36698571699841664]","[[nan, nan], nan]","[[nan, nan], nan]","[[nan, nan], nan]","[[nan, nan], nan]","[[nan, nan], nan]","[[nan, nan], nan]","[[nan, nan], nan]","[[nan, nan], nan]","[[nan, nan], nan]"
4,Bike/Roller/Skate Chronic,"[['population 65 and over', 0.00065231613011992873], 0.36650019290572239]","[[nan, nan], nan]","[['nonfamily households', 0.00068398301885452763], 0.50272693353078535]","[['population education bachelors', 0.00065209767087275451], 0.45017938493172721]","[['renter occupied units', 0.00020375208125861886], 0.21622460588505346]","[['tranportation motorcycle', 0.017257062135449308], 0.50783853900504417]","[['household income 75 and above', 0.0008356524729392341], 0.52272767426972955]","[[nan, nan], nan]","[['rent 2000 or more', 0.0011412962776186743], 0.62946176683767452]","[[nan, nan], nan]","[[nan, nan], nan]","[[nan, nan], nan]","[[nan, nan], nan]","[[nan, nan], nan]","[[nan, nan], nan]","[[nan, nan], nan]","[[nan, nan], nan]","[[nan, nan], nan]"
5,Blocked Driveway,"[['population between 35 to 64', 0.056992198221488564], 0.21987422737208048]","[['population other race', 0.041023324300573059], 0.28782183877572515]","[['family households', 0.062886488617151001], 0.4099399872233529]","[['population education high school or less', 0.053217578778935792], 0.50760689859467778]","[[nan, nan], nan]","[['transportation car', 0.042463914204670036], 0.37739066398246346]","[['household income from 40 to 75', 0.28614918189778205], 0.31622011087913487]","[[nan, nan], nan]","[['rent bewteen 1000 and 2000', 0.09339007323803028], 0.2503915593883379]","[[nan, nan], nan]","[[nan, nan], nan]","[[nan, nan], nan]","[[nan, nan], nan]","[[nan, nan], nan]","[[nan, nan], nan]","[[nan, nan], nan]","[[nan, nan], nan]","[[nan, nan], nan]"
6,Boilers,"[['population between 18 and 34', 0.00085242231993208173], 0.34472253889560572]","[['population hispanic', 0.000373940890970244], 0.34935876258631232]","[['nonfamily households', 0.00065434909371745115], 0.30392312016007628]","[[nan, nan], nan]","[['renter occupied units', 0.00095714769689621856], 0.484930467689969]","[['transportation public', 0.00098059519265995343], 0.3541453811212481]","[['household income less than 40', 0.0022495483390611495], 0.37625581425437571]","[[nan, nan], nan]","[['rent less than 1000', 0.0012572220139659526], 0.47260496002029939]","[[nan, nan], nan]","[[nan, nan], nan]","[[nan, nan], nan]","[[nan, nan], nan]","[[nan, nan], nan]","[[nan, nan], nan]","[[nan, nan], nan]","[[nan, nan], nan]","[[nan, nan], nan]"
7,Broken Muni Meter,"[[nan, nan], nan]","[[nan, nan], nan]","[[nan, nan], nan]","[['population education masters', 0.091154249114050845], 0.30933052001511369]","[[nan, nan], nan]","[[nan, nan], nan]","[[nan, nan], nan]","[[nan, nan], nan]","[[nan, nan], nan]","[['population between 18 and 34_n', 0.030071617155086387], 0.26516489915116209]","[['Population asian_n', 0.061699061490380097], 0.2701505389690273]","[[nan, nan], nan]","[['population education phd_n', 2.1963292973719435], 0.44331347342678973]","[['renter occupied units_n', 0.024740989269504077], 0.28050670321880034]","[[nan, nan], nan]","[[nan, nan], nan]","[['house value less than 100_n', 0.24518276427325261], 0.25230321640013142]","[[nan, nan], nan]"
8,Broken Parking Meter,"[[nan, nan], nan]","[[nan, nan], nan]","[[nan, nan], nan]","[[nan, nan], nan]","[[nan, nan], nan]","[[nan, nan], nan]","[['household income 75 and above', 0.00016979926676637022], 0.22783006168617809]","[[nan, nan], nan]","[[nan, nan], nan]","[[nan, nan], nan]","[[nan, nan], nan]","[[nan, nan], nan]","[[nan, nan], nan]","[[nan, nan], nan]","[[nan, nan], nan]","[[nan, nan], nan]","[[nan, nan], nan]","[[nan, nan], nan]"
9,Building/Use,"[[nan, nan], nan]","[[nan, nan], nan]","[[nan, nan], nan]","[['population education high school or less', 0.018955068654777637], 0.29438257519356248]","[[nan, nan], nan]","[['tranportation motorcycle', 0.22879064845590324], 0.2415775210512022]","[[nan, nan], nan]","[[nan, nan], nan]","[[nan, nan], nan]","[[nan, nan], nan]","[[nan, nan], nan]","[[nan, nan], nan]","[[nan, nan], nan]","[[nan, nan], nan]","[[nan, nan], nan]","[[nan, nan], nan]","[[nan, nan], nan]","[[nan, nan], nan]"
10,Bus Stop Shelter Placement,"[[nan, nan], nan]","[['Population white', 4.8788160930380602e-05], 0.30568474387577532]","[['nonfamily households', 0.0001030570405308774], 0.26791490905369064]","[['population education masters', 0.00057044921254348205], 0.33887851028575128]","[['owner  occupied units', 7.9180631868667711e-05], 0.29732639824049362]","[['transportation public', 8.0518171523259738e-05], 0.23578947841940409]","[['household income 75 and above', 9.9667592674854065e-05], 0.28210979382460016]","[[nan, nan], nan]","[['rent 2000 or more', 0.00014677453465784555], 0.20203171131165959]","[[nan, nan], nan]","[[nan, nan], nan]","[[nan, nan], nan]","[[nan, nan], nan]","[[nan, nan], nan]","[[nan, nan], nan]","[[nan, nan], nan]","[[nan, nan], nan]","[[nan, nan], nan]"
11,CONSTRUCTION,"[[nan, nan], nan]","[['population hispanic', 5.2676889564780231e-05], 0.21443642185610987]","[[nan, nan], nan]","[[nan, nan], nan]","[[nan, nan], nan]","[[nan, nan], nan]","[[nan, nan], nan]","[[nan, nan], nan]","[[nan, nan], nan]","[[nan, nan], nan]","[[nan, nan], nan]","[[nan, nan], nan]","[[nan, nan], nan]","[[nan, nan], nan]","[[nan, nan], nan]","[[nan, nan], nan]","[[nan, nan], nan]","[[nan, nan], nan]"
12,Construction,"[[nan, nan], nan]","[[nan, nan], nan]","[[nan, nan], nan]","[[nan, nan], nan]","[[nan, nan], nan]","[[nan, nan], nan]","[[nan, nan], nan]","[[nan, nan], nan]","[[nan, nan], nan]","[[nan, nan], nan]","[['population other _n', 0.16001639588964711], 0.38218165579459457]","[[nan, nan], nan]","[[nan, nan], nan]","[[nan, nan], nan]","[[nan, nan], nan]","[[nan, nan], nan]","[[nan, nan], nan]","[[nan, nan], nan]"
13,Consumer Complaint,"[['population between 18 and 34', 0.0069281479918776503], 0.35713489093943412]","[['population other race', 0.006943965142482811], 0.23315595898120511]","[['nonfamily households', 0.0060063184336750924], 0.2607820779228619]","[['population education bachelors', 0.011322155437734856], 0.25900938656866146]","[['renter occupied units', 0.0063439906987049505], 0.30746746618290888]","[['Transportation Other means', 0.014663311128010541], 0.4150237886130318]","[['household income less than 40', 0.016624601867567076], 0.2675807326257007]","[[nan, nan], nan]","[['rent 2000 or more', 0.010851847932786322], 0.20277506394308328]","[[nan, nan], nan]","[[nan, nan], nan]","[[nan, nan], nan]","[[nan, nan], nan]","[['renter occupied units_n', 0.0053597286995200801], 0.37811630591239631]","[[nan, nan], nan]","[[nan, nan], nan]","[[nan, nan], nan]","[[nan, nan], nan]"
14,Curb Condition,"[[nan, nan], nan]","[[nan, nan], nan]","[['family households', 0.00078395570659933311], 0.20666333325648475]","[['population education high school or less', 0.00065517138467996309], 0.2405628884397048]","[[nan, nan], nan]","[[nan, nan], nan]","[[nan, nan], nan]","[[nan, nan], nan]","[['rent bewteen 1000 and 2000', 0.0013170035950124896], 0.21670468051717648]","[[nan, nan], nan]","[[nan, nan], nan]","[[nan, nan], nan]","[[nan, nan], nan]","[[nan, nan], nan]","[[nan, nan], nan]","[[nan, nan], nan]","[[nan, nan], nan]","[[nan, nan], nan]"
15,DOOR/WINDOW,"[['Population under 18', 0.013548164465941728], 0.41639205531569912]","[['population hispanic', 0.0076556713586233656], 0.5850437357296181]","[[nan, nan], nan]","[[nan, nan], nan]","[['renter occupied units', 0.018016512226149944], 0.38519698273159919]","[['transportation public', 0.020600688278297037], 0.22048909512385909]","[['household income less than 40', 0.044420358166619836], 0.51082808270542623]","[[nan, nan], nan]","[['rent less than 1000', 0.024514390371140587], 0.57865911034277073]","[[nan, nan], nan]","[[nan, nan], nan]","[[nan, nan], nan]","[[nan, nan], nan]","[[nan, nan], nan]","[[nan, nan], nan]","[[nan, nan], nan]","[[nan, nan], nan]","[[nan, nan], nan]"
16,Damaged Tree,"[[nan, nan], nan]","[[nan, nan], nan]","[[nan, nan], nan]","[[nan, nan], nan]","[['owner  occupied units', 0.021551928411367102], 0.41263680539736652]","[['tranportation motorcycle', 0.2400791378822329], 0.65852299344698695]","[[nan, nan], nan]","[['house value for 100 to 500', 0.028530092039625456], 0.41972917252462416]","[[nan, nan], nan]","[[nan, nan], nan]","[[nan, nan], nan]","[[nan, nan], nan]","[[nan, nan], nan]","[[nan, nan], nan]","[[nan, nan], nan]","[[nan, nan], nan]","[[nan, nan], nan]","[[nan, nan], nan]"
17,Dead Tree,"[[nan, nan], nan]","[[nan, nan], nan]","[[nan, nan], nan]","[[nan, nan], nan]","[['owner  occupied units', 0.011842837987947141], 0.35844920163578808]","[['tranportation motorcycle', 0.24477289421364201], 0.41823935100638998]","[[nan, nan], nan]","[['house value for 100 to 500', 0.012908877083768082], 0.3808913378628408]","[[nan, nan], nan]","[[nan, nan], nan]","[[nan, nan], nan]","[[nan, nan], nan]","[[nan, nan], nan]","[[nan, nan], nan]","[[nan, nan], nan]","[[nan, nan], nan]","[[nan, nan], nan]","[[nan, nan], nan]"
18,Derelict Vehicle,"[[nan, nan], nan]","[[nan, nan], nan]","[[nan, nan], nan]","[[nan, nan], nan]","[[nan, nan], nan]","[['tranportation motorcycle', 0.35393305232581651], 0.40960396466333687]","[[nan, nan], nan]","[[nan, nan], nan]","[[nan, nan], nan]","[[nan, nan], nan]","[[nan, nan], nan]","[[nan, nan], nan]","[[nan, nan], nan]","[[nan, nan], nan]","[[nan, nan], nan]","[[nan, nan], nan]","[[nan, nan], nan]","[[nan, nan], nan]"
19,Derelict Vehicles,"[['population between 35 to 64', 0.0078645554305231524], 0.22633229839036051]","[[nan, nan], nan]","[['family households', 0.010539438838874577], 0.29869498669663586]","[['population education high school or less', 0.010257096848654959], 0.35848266073354967]","[[nan, nan], nan]","[['transportation car', 0.0083963679664199251], 0.24745191577542336]","[[nan, nan], nan]","[[nan, nan], nan]","[[nan, nan], nan]","[[nan, nan], nan]","[[nan, nan], nan]","[[nan, nan], nan]","[[nan, nan], nan]","[[nan, nan], nan]","[[nan, nan], nan]","[[nan, nan], nan]","[[nan, nan], nan]","[[nan, nan], nan]"
20,Dirty Conditions,"[['population between 35 to 64', 0.0098634112809929952], 0.4096281014055656]","[['population other race', 0.0093166862050841539], 0.36932109441112487]","[['family households', 0.016294223398242502], 0.37201627208255039]","[['population education high school or less', 0.016404559134221501], 0.4714218022953256]","[['owner  occupied units', 0.013881082114471551], 0.21299699290297489]","[['tranportation motorcycle', 0.23479426616362289], 0.39621389863042528]","[['household income from 40 to 75', 0.046599183081152053], 0.33494679606612332]","[[nan, nan], nan]","[[nan, nan], nan]","[[nan, nan], nan]","[[nan, nan], nan]","[[nan, nan], nan]","[[nan, nan], nan]","[[nan, nan], nan]","[[nan, nan], nan]","[[nan, nan], nan]","[[nan, nan], nan]","[[nan, nan], nan]"
21,Drinking,"[['population between 18 and 34', 0.00046992451545696399], 0.40880365504260496]","[['population other race', 0.0010549270588195946], 0.3770614599138517]","[['family households', 0.00044832599203012673], 0.24574458859218576]","[['population education phd', 0.0013886512118162155], 0.2484252088124409]","[['renter occupied units', 0.00049316992293580288], 0.3186583507436101]","[['transportation public', 0.00038372056356360718], 0.29900757926990468]","[['household income less than 40', 0.00076671327845833509], 0.30657211207115481]","[[nan, nan], nan]","[['rent bewteen 1000 and 2000', 0.00075130330461857368], 0.31608451239328927]","[[nan, nan], nan]","[[nan, nan], nan]","[[nan, nan], nan]","[[nan, nan], nan]","[[nan, nan], nan]","[[nan, nan], nan]","[[nan, nan], nan]","[[nan, nan], nan]","[[nan, nan], nan]"
22,EAP Inspection - F59,"[[nan, nan], nan]","[[nan, nan], nan]","[[nan, nan], nan]","[[nan, nan], nan]","[[nan, nan], nan]","[[nan, nan], nan]","[[nan, nan], nan]","[[nan, nan], nan]","[[nan, nan], nan]","[[nan, nan], nan]","[['population other _n', 0.020041320411576986], 0.43328801041807663]","[['nonfamily households_n', 0.0022388065977122567], 0.49413707556284903]","[['population education bachelors_n', 0.0051055499449265294], 0.63507082648199797]","[[nan, nan], nan]","[['tranportation motorcycle_n', 0.015701217267132646], 0.66460370144289305]","[['household income less than 40_n', 0.0032968854630640774], 0.68897132012299322]","[[nan, nan], nan]","[['rent 2000 or more_n', 0.0023245887457383433], 0.68802797934043713]"
23,ELECTRIC,"[['Population under 18', 0.014675686915223403], 0.4504753090779573]","[['population black', 0.0075280700309934825], 0.61752865656827216]","[['family households', 0.017212235696002637], 0.23642570005635705]","[['population education phd', 0.045754400039638585], 0.24189706213762896]","[['renter occupied units', 0.016359871683075809], 0.28272521378026327]","[['transportation public', 0.019818017276690192], 0.26464670288676068]","[['household income less than 40', 0.03234913647129814], 0.48915878998880707]","[[nan, nan], nan]","[['rent less than 1000', 0.02247071153003756], 0.53407668728078084]","[[nan, nan], nan]","[[nan, nan], nan]","[[nan, nan], nan]","[[nan, nan], nan]","[[nan, nan], nan]","[[nan, nan], nan]","[[nan, nan], nan]","[[nan, nan], nan]","[[nan, nan], nan]"
24,ELEVATOR,"[[nan, nan], nan]","[[nan, nan], nan]","[[nan, nan], nan]","[[nan, nan], nan]","[[nan, nan], nan]","[[nan, nan], nan]","[['household income less than 40', 0.00079052100047681236], 0.26577461861597812]","[[nan, nan], nan]","[['rent bewteen 1000 and 2000', 0.00064619490682367756], 0.29504595663835931]","[[nan, nan], nan]","[[nan, nan], nan]","[[nan, nan], nan]","[[nan, nan], nan]","[[nan, nan], nan]","[[nan, nan], nan]","[[nan, nan], nan]","[[nan, nan], nan]","[[nan, nan], nan]"
25,Electrical,"[['population between 18 and 34', 0.001240930429678913], 0.3224670411846855]","[[nan, nan], nan]","[['family households', 0.0015814014591036952], 0.29734851123230188]","[[nan, nan], nan]","[['renter occupied units', 0.0013052158412366645], 0.31089782386082154]","[['tranportation motorcycle', 0.08438420072267401], 0.25383361168817348]","[['household income from 40 to 75', 0.0033779697844766878], 0.26413824946463649]","[[nan, nan], nan]","[['rent bewteen 1000 and 2000', 0.0020589102543142755], 0.2461884831971069]","[[nan, nan], nan]","[[nan, nan], nan]","[[nan, nan], nan]","[[nan, nan], nan]","[[nan, nan], nan]","[[nan, nan], nan]","[[nan, nan], nan]","[[nan, nan], nan]","[[nan, nan], nan]"
26,Elevator,"[['population between 18 and 34', 0.0021889028485784826], 0.20152305483597893]","[[nan, nan], nan]","[['family households', 0.0029388033144840844], 0.23349538099115949]","[[nan, nan], nan]","[['renter occupied units', 0.0051836065472364795], 0.37350152116669111]","[['transportation public', 0.0056832992362737533], 0.28768567480036922]","[['household income less than 40', 0.012795223806955606], 0.33632675617225705]","[[nan, nan], nan]","[['rent less than 1000', 0.0055079777839642527], 0.38187734155574321]","[[nan, nan], nan]","[[nan, nan], nan]","[[nan, nan], nan]","[[nan, nan], nan]","[[nan, nan], nan]","[[nan, nan], nan]","[[nan, nan], nan]","[[nan, nan], nan]","[[nan, nan], nan]"
27,FLOORING/STAIRS,"[['Population under 18', 0.0098621965475202446], 0.3730987652996467]","[['population hispanic', 0.0062239631212389138], 0.5509833682423424]","[[nan, nan], nan]","[[nan, nan], nan]","[['renter occupied units', 0.013835192379528656], 0.35696830425958576]","[[nan, nan], nan]","[['household income less than 40', 0.03592256204665914], 0.47057201450314778]","[[nan, nan], nan]","[['rent less than 1000', 0.01876379815647778], 0.52851485240684626]","[[nan, nan], nan]","[[nan, nan], nan]","[[nan, nan], nan]","[[nan, nan], nan]","[[nan, nan], nan]","[[nan, nan], nan]","[[nan, nan], nan]","[[nan, nan], nan]","[[nan, nan], nan]"
28,Fire Alarm - Modification,"[[nan, nan], nan]","[[nan, nan], nan]","[[nan, nan], nan]","[[nan, nan], nan]","[[nan, nan], nan]","[[nan, nan], nan]","[[nan, nan], nan]","[[nan, nan], nan]","[[nan, nan], nan]","[[nan, nan], nan]","[[nan, nan], nan]","[[nan, nan], nan]","[[nan, nan], nan]","[[nan, nan], nan]","[[nan, nan], nan]","[[nan, nan], nan]","[[nan, nan], nan]","[['rent 2000 or more_n', 0.00029328221492198647], 0.20870434992599105]"
29,Fire Alarm - Reinspection,"[[nan, nan], nan]","[[nan, nan], nan]","[[nan, nan], nan]","[[nan, nan], nan]","[[nan, nan], nan]","[[nan, nan], nan]","[[nan, nan], nan]","[[nan, nan], nan]","[[nan, nan], nan]","[['population between 35 to 64_n', 0.00094485606465958259], 0.3975883031911252]","[['Population asian_n', 0.00047408756006123083], 0.31444352084215688]","[['family households_n', 4.6477022011312873e-05], 0.38469001028551897]","[['population education phd_n', 0.017446759667275897], 0.28106729825892679]","[['renter occupied units_n', 0.0002604728149836997], 0.48831614440090582]","[['tranportation motorcycle_n', 0.0053668834006922531], 0.40905058585772952]","[['household income less than 10_n', 0.0017581936331150054], 0.38912664282960308]","[['house value less than 100_n', 0.0028663142310567232], 0.43794722215411253]","[['rent less than 1000_n', 0.00069602844458988272], 0.37070996349294888]"
30,Fire Safety Director - F58,"[[nan, nan], nan]","[[nan, nan], nan]","[[nan, nan], nan]","[[nan, nan], nan]","[[nan, nan], nan]","[[nan, nan], nan]","[[nan, nan], nan]","[[nan, nan], nan]","[[nan, nan], nan]","[['population 65 and over_n', 0.036437007222679361], 0.44731006230095011]","[['population other _n', 0.062834323970344746], 0.55514262371614165]","[['nonfamily households_n', 0.0072162017557966191], 0.66057306322256648]","[['population education bachelors_n', 0.019355542608441627], 0.68018998583125267]","[['renter occupied units_n', 0.00270239758157413], 0.48588445899237731]","[['Transportation Other means_n', 0.030029811492667913], 0.6257155147272927]","[['household income form 10 to 40_n', 0.015458300706301912], 0.59430048287441051]","[['house value 500 or more_n', 0.0048526521287835175], 0.38328963061928384]","[['rent 2000 or more_n', 0.0073659720243891141], 0.69128444918895027]"
31,Food Establishment,"[['population between 18 and 34', 0.0053374427590425211], 0.4155218937774558]","[['population other race', 0.0023947645603614068], 0.21828160344700692]","[['nonfamily households', 0.0061945595361779463], 0.51043679556011123]","[['population education bachelors', 0.0086593008005792591], 0.44365629964343811]","[['renter occupied units', 0.0030628984343939055], 0.47096126029171742]","[['tranportation motorcycle', 0.14739542358491597], 0.49970519999629032]","[['household income less than 40', 0.0076873734278380219], 0.45830434603601911]","[[nan, nan], nan]","[['rent 2000 or more', 0.0097137702794859778], 0.44000293523129136]","[['population between 35 to 64_n', 0.016268273451461431], 0.29457708746952288]","[['Population asian_n', 0.011643445874276698], 0.33767186560715312]","[['family households_n', 0.0017699238357945493], 0.22925143908632131]","[['population education phd_n', 0.35310387667650289], 0.33185189749596355]","[['renter occupied units_n', 0.0035396669307858719], 0.42803944796204813]","[['transportation public_n', 0.031752315044042599], 0.3529787118337373]","[['household income less than 10_n', 0.012736457585584927], 0.25713756473115318]","[['house value less than 100_n', 0.02595454139032103], 0.26833918454518235]","[['rent less than 1000_n', 0.0022570069193781762], 0.23439820646644885]"
32,Food Poisoning,"[['population between 18 and 34', 0.0021095588691975144], 0.29864665958460501]","[[nan, nan], nan]","[['nonfamily households', 0.0027232350339103924], 0.40030622109929465]","[['population education bachelors', 0.0027647520012126924], 0.23573140710120261]","[['renter occupied units', 0.0011464716939843052], 0.421011344550136]","[['tranportation motorcycle', 0.015345673806699947], 0.40188081914140816]","[['household income less than 40', 0.0034677481535221682], 0.32037405867447127]","[[nan, nan], nan]","[['rent 2000 or more', 0.0042939504397487473], 0.2555122973530925]","[['population between 35 to 64_n', 0.0043486953729141471], 0.36617207157112558]","[['population other _n', 0.0041221169130951189], 0.4341788191986552]","[['family households_n', 0.00029575823753333173], 0.37697840281772538]","[['population education phd_n', 0.12521952125162822], 0.3864317527921533]","[['renter occupied units_n', 0.0016768628927305055], 0.52040701716254101]","[['transportation public_n', 0.011265270003852973], 0.45583006764940159]","[['household income less than 10_n', 0.00702203426380359], 0.40849358596140872]","[['house value less than 100_n', 0.013787399744608134], 0.40937457458314158]","[['rent less than 1000_n', 0.0018685806641333519], 0.36412724591844092]"
33,For Hire Vehicle Complaint,"[['population between 18 and 34', 0.0014763942999871144], 0.28743075658473283]","[['population other race', 0.00066187040162172931], 0.23012768931742031]","[['nonfamily households', 0.0013861920274897625], 0.35363840417635772]","[[nan, nan], nan]","[['renter occupied units', 0.0010440316292039107], 0.40716227873319016]","[['Transportation Other means', 0.0027984870669784216], 0.43653974573140769]","[['household income less than 40', 0.0029977243950291511], 0.30245413299473328]","[[nan, nan], nan]","[['rent 2000 or more', 0.0023609907268800547], 0.34901165443416221]","[['population between 35 to 64_n', 0.0036589472197314306], 0.29284435889275162]","[[nan, nan], nan]","[[nan, nan], nan]","[[nan, nan], nan]","[['renter occupied units_n', 0.000979304743800428], 0.43163098746973239]","[[nan, nan], nan]","[[nan, nan], nan]","[[nan, nan], nan]","[[nan, nan], nan]"
34,Found Property,"[['population between 18 and 34', 0.00074301029551092357], 0.26147356477966915]","[[nan, nan], nan]","[['nonfamily households', 0.00080922447520529936], 0.49480163528831689]","[['population education bachelors', 0.00072850671637913285], 0.26088456870979149]","[[nan, nan], nan]","[['tranportation motorcycle', 0.021441650148532214], 0.47480415088730438]","[['household income 75 and above', 0.00098719451051482686], 0.40527984689963598]","[[nan, nan], nan]","[['rent 2000 or more', 0.0013639394326174167], 0.52524704987946169]","[['population between 18 and 34_n', 0.0015083956678358175], 0.59402171094302336]","[['population other _n', 0.001510132537602986], 0.56557035001621081]","[['nonfamily households_n', 0.00029415316747322307], 0.60408638584902041]","[['population education phd_n', 0.026898320400979447], 0.61050725086698421]","[['renter occupied units_n', 0.00038102432506547333], 0.63717085518536776]","[['transportation public_n', 0.0016724063055762624], 0.60851679893957422]","[['household income less than 10_n', 0.001798511252559391], 0.55652480378741243]","[['house value less than 100_n', 0.0023728905686421285], 0.58973481712430731]","[['rent less than 1000_n', 0.00041427467393410385], 0.55270569881228104]"
35,GENERAL,"[['population between 18 and 34', 0.011937476791875208], 0.39096048979390574]","[['population hispanic', 0.0069590557952752992], 0.56972292684299275]","[['family households', 0.011542095812877981], 0.23651964473893364]","[[nan, nan], nan]","[['renter occupied units', 0.016622295894887576], 0.4889282657625349]","[['transportation public', 0.018276053257337086], 0.33183256686289192]","[['household income less than 40', 0.038853381242192016], 0.49845786241346129]","[[nan, nan], nan]","[['rent less than 1000', 0.022160221830756624], 0.5937785717571421]","[[nan, nan], nan]","[[nan, nan], nan]","[[nan, nan], nan]","[[nan, nan], nan]","[[nan, nan], nan]","[[nan, nan], nan]","[[nan, nan], nan]","[[nan, nan], nan]","[[nan, nan], nan]"
36,GENERAL CONSTRUCTION,"[['Population under 18', 0.0093757059194181716], 0.32849704048436151]","[['population black', 0.0041726387433843777], 0.42206340130054631]","[[nan, nan], nan]","[[nan, nan], nan]","[['renter occupied units', 0.0096014522233904519], 0.23128695942790159]","[[nan, nan], nan]","[['household income less than 40', 0.024860959353106855], 0.36936435618828251]","[[nan, nan], nan]","[['rent less than 1000', 0.012167595020062935], 0.42125704213961812]","[[nan, nan], nan]","[[nan, nan], nan]","[[nan, nan], nan]","[[nan, nan], nan]","[[nan, nan], nan]","[[nan, nan], nan]","[[nan, nan], nan]","[[nan, nan], nan]","[[nan, nan], nan]"
37,Gas Station Discharge Lines,"[[nan, nan], nan]","[[nan, nan], nan]","[[nan, nan], nan]","[[nan, nan], nan]","[[nan, nan], nan]","[[nan, nan], nan]","[[nan, nan], nan]","[[nan, nan], nan]","[[nan, nan], nan]","[['population between 35 to 64_n', 2.0753672410874728e-06], 0.3204117568233445]","[[nan, nan], nan]","[['family households_n', 1.5676437176692926e-07], 0.38709802496559798]","[[nan, nan], nan]","[['renter occupied units_n', 1.4387565113646661e-07], 0.58600772830064951]","[[nan, nan], nan]","[[nan, nan], nan]","[[nan, nan], nan]","[[nan, nan], nan]"
38,General Construction/Plumbing,"[['population between 35 to 64', 0.0083693172509659054], 0.38914890002867952]","[[nan, nan], nan]","[['family households', 0.0084479342848189868], 0.42937193939174267]","[['population education bachelors', 0.018462793558501143], 0.35809264180628275]","[['owner  occupied units', 0.0098708931897396688], 0.43649113959038666]","[['tranportation motorcycle', 0.9422250705579418], 0.44051087072247663]","[['household income 75 and above', 0.009878037116889251], 0.40581460872859432]","[[nan, nan], nan]","[['rent 2000 or more', 0.016723773574897686], 0.32249988154118808]","[[nan, nan], nan]","[[nan, nan], nan]","[[nan, nan], nan]","[[nan, nan], nan]","[[nan, nan], nan]","[[nan, nan], nan]","[[nan, nan], nan]","[[nan, nan], nan]","[[nan, nan], nan]"
39,Graffiti,"[['population between 18 and 34', 0.007620512508801431], 0.24287263231876741]","[[nan, nan], nan]","[[nan, nan], nan]","[[nan, nan], nan]","[[nan, nan], nan]","[[nan, nan], nan]","[['household income less than 40', 0.013907937896121034], 0.25729765344126065]","[[nan, nan], nan]","[['rent bewteen 1000 and 2000', 0.0098362449588459914], 0.22196859030673974]","[[nan, nan], nan]","[[nan, nan], nan]","[[nan, nan], nan]","[[nan, nan], nan]","[[nan, nan], nan]","[[nan, nan], nan]","[[nan, nan], nan]","[[nan, nan], nan]","[[nan, nan], nan]"
40,HEAT/HOT WATER,"[['population between 18 and 34', 0.048659887485072481], 0.32194292905410488]","[['population hispanic', 0.036517671271668821], 0.48334036091574228]","[['family households', 0.060069301734141697], 0.22932205115762824]","[[nan, nan], nan]","[['renter occupied units', 0.081192406598613764], 0.47881523910683621]","[['transportation public', 0.087636272292181475], 0.26004493746873719]","[['household income less than 40', 0.18477944780127448], 0.47578541362962151]","[[nan, nan], nan]","[['rent less than 1000', 0.090222619439523588], 0.58539660613777533]","[[nan, nan], nan]","[[nan, nan], nan]","[[nan, nan], nan]","[[nan, nan], nan]","[[nan, nan], nan]","[[nan, nan], nan]","[[nan, nan], nan]","[[nan, nan], nan]","[[nan, nan], nan]"
41,HEATING,"[['Population under 18', 0.03274363607189424], 0.2614913772389057]","[['population hispanic', 0.02754342160246364], 0.36697470046973546]","[[nan, nan], nan]","[[nan, nan], nan]","[['renter occupied units', 0.061272527091779813], 0.33340160814171432]","[[nan, nan], nan]","[['household income less than 40', 0.12739634771028555], 0.39391424412775694]","[[nan, nan], nan]","[['rent less than 1000', 0.069368272439721879], 0.47613446077786498]","[[nan, nan], nan]","[[nan, nan], nan]","[[nan, nan], nan]","[[nan, nan], nan]","[[nan, nan], nan]","[[nan, nan], nan]","[[nan, nan], nan]","[[nan, nan], nan]","[[nan, nan], nan]"
42,Hazardous Materials,"[[nan, nan], nan]","[['population other race', 0.00088463403043579801], 0.24684172390015185]","[['nonfamily households', 0.001373679108758854], 0.43584007829591842]","[['population education masters', 0.0041506851000741845], 0.37714095853882262]","[['owner  occupied units', 0.001166922100256108], 0.38814305615018768]","[['tranportation motorcycle', 0.085667691057668915], 0.35959626249242571]","[['household income 75 and above', 0.001616762869291266], 0.43820084302460988]","[[nan, nan], nan]","[['rent 2000 or more', 0.00240384213241352], 0.26679669384438542]","[[nan, nan], nan]","[[nan, nan], nan]","[[nan, nan], nan]","[[nan, nan], nan]","[[nan, nan], nan]","[[nan, nan], nan]","[[nan, nan], nan]","[[nan, nan], nan]","[[nan, nan], nan]"
43,Homeless Encampment,"[['population between 18 and 34', 0.0045222378567823024], 0.2344522240259557]","[[nan, nan], nan]","[['nonfamily households', 0.0047380013001691356], 0.42878792526367882]","[[nan, nan], nan]","[['renter occupied units', 0.0015478185027304285], 0.33029304590694741]","[['tranportation motorcycle', 0.12038316913354452], 0.3829015521425842]","[['household income less than 40', 0.0053339283196463701], 0.25132875051005221]","[[nan, nan], nan]","[['rent 2000 or more', 0.0073438272481889796], 0.35479691939637747]","[['population between 18 and 34_n', 0.0080855351107865271], 0.35721056034759208]","[['population other _n', 0.011205714645303884], 0.22591388339143481]","[['nonfamily households_n', 0.00086831483592176976], 0.36937039922773679]","[[nan, nan], nan]","[['renter occupied units_n', 0.0030283591542360467], 0.40942661650683593]","[[nan, nan], nan]","[['household income less than 10_n', 0.020181083398993428], 0.26992411708120068]","[['house value less than 100_n', 0.024409310001926025], 0.36191584351242478]","[['rent less than 1000_n', 0.0061968914462462426], 0.25706989396352281]"
44,Homeless Person Assistance,"[['population between 18 and 34', 0.0028790794985649047], 0.25937793881080629]","[[nan, nan], nan]","[['nonfamily households', 0.0029249379753776691], 0.37978395923295127]","[[nan, nan], nan]","[['renter occupied units', 0.0009297611647416682], 0.24643236917665121]","[['tranportation motorcycle', 0.019622071119303489], 0.4177598593025339]","[['household income less than 40', 0.0037073005434061579], 0.25320502512003262]","[[nan, nan], nan]","[['rent 2000 or more', 0.0046164146530714599], 0.2514273299052342]","[['population between 18 and 34_n', 0.0050124374445572849], 0.41671052022791377]","[['population other _n', 0.0074360676420652215], 0.29954571110396905]","[['nonfamily households_n', 0.00059290149543036119], 0.4122765250643991]","[['population education phd_n', 0.1301315267318579], 0.36691176509978812]","[['renter occupied units_n', 0.001592840194518426], 0.46720740210725797]","[['transportation public_n', 0.0090134842747634954], 0.28982046063263089]","[['household income less than 10_n', 0.01293848870924098], 0.30446710739543115]","[['house value less than 100_n', 0.012850464832427378], 0.37780267924847311]","[['rent less than 1000_n', 0.0027709560915514971], 0.27217035465118089]"
45,Illegal Parking,"[['population between 35 to 64', 0.01431962144947886], 0.21638236379977061]","[['Population white', 0.011027677232239672], 0.34052305665167443]","[['family households', 0.030502481350548082], 0.27977168265384889]","[['population education masters', 0.053727459856144473], 0.39760331397834281]","[['owner  occupied units', 0.036011371694368528], 0.2479147162903001]","[['tranportation motorcycle', 0.67871365839398812], 0.31107154536562731]","[[nan, nan], nan]","[[nan, nan], nan]","[[nan, nan], nan]","[[nan, nan], nan]","[[nan, nan], nan]","[[nan, nan], nan]","[[nan, nan], nan]","[[nan, nan], nan]","[[nan, nan], nan]","[[nan, nan], nan]","[[nan, nan], nan]","[[nan, nan], nan]"
46,Illegal Tree Damage,"[['population between 18 and 34', 0.00068910420043603328], 0.22423865293248912]","[['population other race', 0.00093582808177095056], 0.30275757936942088]","[['nonfamily households', 0.00078234086692841574], 0.27224695015409928]","[['population education bachelors', 0.0017182720621575632], 0.44224241065619863]","[['owner  occupied units', 0.0013509243261092786], 0.36945927743624918]","[['tranportation motorcycle', 0.12937014924523904], 0.39393703755796639]","[['household income from 40 to 75', 0.0025543954244783749], 0.3596954549539777]","[['house value 500 or more', 0.0028193790408656736], 0.24474242766036031]","[[nan, nan], nan]","[[nan, nan], nan]","[[nan, nan], nan]","[[nan, nan], nan]","[[nan, nan], nan]","[[nan, nan], nan]","[[nan, nan], nan]","[[nan, nan], nan]","[[nan, nan], nan]","[[nan, nan], nan]"
47,Indoor Air Quality,"[['population between 18 and 34', 0.0043075712368985395], 0.33982072540542951]","[[nan, nan], nan]","[['nonfamily households', 0.004146253113566192], 0.5153260389405272]","[['population education bachelors', 0.0043150287049859423], 0.23632831606750004]","[['renter occupied units', 0.002501123178509508], 0.46716263175876882]","[['Transportation Other means', 0.0040133674323697644], 0.38503287687611537]","[['household income less than 40', 0.004027855523056542], 0.3982175300434751]","[[nan, nan], nan]","[['rent 2000 or more', 0.004805444173899171], 0.47289332627295372]","[[nan, nan], nan]","[[nan, nan], nan]","[[nan, nan], nan]","[[nan, nan], nan]","[[nan, nan], nan]","[[nan, nan], nan]","[[nan, nan], nan]","[[nan, nan], nan]","[[nan, nan], nan]"
48,Indoor Sewage,"[['Population under 18', 0.00048454322661210049], 0.39057647724480177]","[['population black', 0.00040377300126361086], 0.61432569097650647]","[['family households', 0.00077719436354000652], 0.29463663909867932]","[['population education high school or less', 0.00096373373737144725], 0.29858648485121642]","[[nan, nan], nan]","[['transportation public', 0.00064505069960801137], 0.20458001521765887]","[['household income from 40 to 75', 0.0013561831706708984], 0.34041283912269737]","[[nan, nan], nan]","[['rent less than 1000', 0.00095840305314084256], 0.32935661561821145]","[[nan, nan], nan]","[[nan, nan], nan]","[[nan, nan], nan]","[[nan, nan], nan]","[[nan, nan], nan]","[[nan, nan], nan]","[[nan, nan], nan]","[[nan, nan], nan]","[[nan, nan], nan]"
49,Industrial Waste,"[[nan, nan], nan]","[['population other race', 0.00030778752087785963], 0.22446726794070232]","[[nan, nan], nan]","[[nan, nan], nan]","[['owner  occupied units', 0.00069691334445959492], 0.20899678900871824]","[[nan, nan], nan]","[[nan, nan], nan]","[[nan, nan], nan]","[[nan, nan], nan]","[[nan, nan], nan]","[[nan, nan], nan]","[[nan, nan], nan]","[[nan, nan], nan]","[[nan, nan], nan]","[[nan, nan], nan]","[[nan, nan], nan]","[[nan, nan], nan]","[[nan, nan], nan]"
50,Investigations and Discipline (IAD),"[[nan, nan], nan]","[['population other race', 0.00038753078393980768], 0.22334628641042995]","[[nan, nan], nan]","[[nan, nan], nan]","[[nan, nan], nan]","[[nan, nan], nan]","[[nan, nan], nan]","[[nan, nan], nan]","[[nan, nan], nan]","[[nan, nan], nan]","[[nan, nan], nan]","[[nan, nan], nan]","[[nan, nan], nan]","[[nan, nan], nan]","[[nan, nan], nan]","[[nan, nan], nan]","[[nan, nan], nan]","[[nan, nan], nan]"
51,Lead,"[['population between 18 and 34', 0.00066353694678767327], 0.34635967602609752]","[['Population white', 0.00054240200661059379], 0.35006843144816369]","[['nonfamily households', 0.0012908889213114115], 0.51919928170095919]","[['population education masters', 0.0044998953531264346], 0.58505042385762407]","[['owner  occupied units', 0.00085091202738630503], 0.48211332625086217]","[['tranportation motorcycle', 0.074707826996848359], 0.42421141030093584]","[['household income 75 and above', 0.0015030563702713034], 0.4883338605235768]","[[nan, nan], nan]","[['rent 2000 or more', 0.0021486142909731671], 0.39199774374058077]","[[nan, nan], nan]","[[nan, nan], nan]","[[nan, nan], nan]","[[nan, nan], nan]","[[nan, nan], nan]","[[nan, nan], nan]","[[nan, nan], nan]","[[nan, nan], nan]","[[nan, nan], nan]"
52,Litter Basket / Request,"[['population between 18 and 34', 0.0011238781170503881], 0.34959314965386457]","[['Population white', 0.00056753917686768493], 0.3615389381998988]","[['nonfamily households', 0.0014493717347051165], 0.39381749628962537]","[['population education masters', 0.0031544346460907506], 0.38585487470943192]","[['renter occupied units', 0.0010381796588581982], 0.41934968149171398]","[['tranportation motorcycle', 0.112719039537284], 0.41646985854773649]","[['household income less than 40', 0.001829874477947089], 0.38465825694599198]","[[nan, nan], nan]","[['rent 2000 or more', 0.0021929980534183967], 0.31340948125354784]","[[nan, nan], nan]","[[nan, nan], nan]","[[nan, nan], nan]","[[nan, nan], nan]","[[nan, nan], nan]","[[nan, nan], nan]","[[nan, nan], nan]","[[nan, nan], nan]","[[nan, nan], nan]"
53,Maintenance or Facility,"[[nan, nan], nan]","[[nan, nan], nan]","[['nonfamily households', 0.0015393880983469812], 0.2357587975494356]","[[nan, nan], nan]","[['renter occupied units', 0.0014057660542030712], 0.24037607108418224]","[[nan, nan], nan]","[['household income less than 40', 0.0032048250330324428], 0.23091048422335031]","[[nan, nan], nan]","[[nan, nan], nan]","[[nan, nan], nan]","[[nan, nan], nan]","[[nan, nan], nan]","[[nan, nan], nan]","[[nan, nan], nan]","[[nan, nan], nan]","[[nan, nan], nan]","[[nan, nan], nan]","[[nan, nan], nan]"
54,Missed Collection (All Materials),"[[nan, nan], nan]","[[nan, nan], nan]","[[nan, nan], nan]","[[nan, nan], nan]","[['owner  occupied units', 0.01869176804371666], 0.21576608333411626]","[['tranportation motorcycle', 0.59111787348704703], 0.39919567134717637]","[[nan, nan], nan]","[['house value for 100 to 500', 0.025474223319382452], 0.23410187841423749]","[[nan, nan], nan]","[[nan, nan], nan]","[[nan, nan], nan]","[[nan, nan], nan]","[[nan, nan], nan]","[[nan, nan], nan]","[[nan, nan], nan]","[[nan, nan], nan]","[[nan, nan], nan]","[[nan, nan], nan]"
55,NONCONST,"[['Population under 18', 0.0042289780663140883], 0.46084222453040791]","[['population black', 0.0021524938651913466], 0.60204141673545186]","[['family households', 0.0047067047814912111], 0.25933006674261028]","[['population education phd', 0.015592208734614034], 0.2391774934037729]","[['renter occupied units', 0.0052315370990168673], 0.31668923121804082]","[['transportation public', 0.0062336841981634047], 0.29298880527990512]","[['household income less than 40', 0.011947396424304731], 0.51623624510628152]","[[nan, nan], nan]","[['rent less than 1000', 0.0070638585766647144], 0.56973985022453288]","[[nan, nan], nan]","[[nan, nan], nan]","[[nan, nan], nan]","[[nan, nan], nan]","[[nan, nan], nan]","[[nan, nan], nan]","[[nan, nan], nan]","[[nan, nan], nan]","[[nan, nan], nan]"
56,New Tree Request,"[[nan, nan], nan]","[[nan, nan], nan]","[[nan, nan], nan]","[[nan, nan], nan]","[[nan, nan], nan]","[['tranportation motorcycle', 0.47224493755558311], 0.25361670385525664]","[[nan, nan], nan]","[[nan, nan], nan]","[[nan, nan], nan]","[[nan, nan], nan]","[[nan, nan], nan]","[[nan, nan], nan]","[[nan, nan], nan]","[[nan, nan], nan]","[[nan, nan], nan]","[[nan, nan], nan]","[[nan, nan], nan]","[[nan, nan], nan]"
57,Noise,"[['population between 18 and 34', 0.058399746443662977], 0.4582951274763406]","[[nan, nan], nan]","[['nonfamily households', 0.065877899064812201], 0.6659633965974372]","[['population education bachelors', 0.076389226770582561], 0.57724593680116199]","[['renter occupied units', 0.021756396625415876], 0.36252217649991092]","[['tranportation motorcycle', 2.3146470767432588], 0.66794308744353348]","[['household income 75 and above', 0.078989656937563907], 0.66151272264586258]","[[nan, nan], nan]","[['rent 2000 or more', 0.11201396028271426], 0.76222454359827618]","[[nan, nan], nan]","[[nan, nan], nan]","[[nan, nan], nan]","[[nan, nan], nan]","[[nan, nan], nan]","[[nan, nan], nan]","[[nan, nan], nan]","[[nan, nan], nan]","[[nan, nan], nan]"
58,Noise - Commercial,"[['population between 18 and 34', 0.048509718973830052], 0.3901830659624852]","[[nan, nan], nan]","[['nonfamily households', 0.035207029282536738], 0.24381866180413081]","[['population education bachelors', 0.072693496171077163], 0.20073557996496555]","[['renter occupied units', 0.022273501023844147], 0.26652624261263069]","[['tranportation motorcycle', 1.6431544115286807], 0.35478798537734763]","[[nan, nan], nan]","[[nan, nan], nan]","[['rent 2000 or more', 0.040003525423363023], 0.2437372907885168]","[[nan, nan], nan]","[[nan, nan], nan]","[[nan, nan], nan]","[[nan, nan], nan]","[[nan, nan], nan]","[[nan, nan], nan]","[[nan, nan], nan]","[[nan, nan], nan]","[[nan, nan], nan]"
59,Noise - Helicopter,"[[nan, nan], nan]","[[nan, nan], nan]","[['nonfamily households', 0.0021647013948698306], 0.31794450732901697]","[['population education phd', 0.0062976709262718648], 0.31343952644008288]","[[nan, nan], nan]","[['tranportation motorcycle', 0.030923541198190019], 0.22047081122787326]","[['household income 75 and above', 0.002898551479688781], 0.32928028143326282]","[[nan, nan], nan]","[['rent 2000 or more', 0.0034855419675061533], 0.30416120646254441]","[[nan, nan], nan]","[[nan, nan], nan]","[[nan, nan], nan]","[[nan, nan], nan]","[[nan, nan], nan]","[[nan, nan], nan]","[[nan, nan], nan]","[[nan, nan], nan]","[[nan, nan], nan]"
60,Noise - House of Worship,"[[nan, nan], nan]","[['population other race', 0.00051160661092679511], 0.25812067087212492]","[[nan, nan], nan]","[[nan, nan], nan]","[[nan, nan], nan]","[['transportation public', 0.00056769346303769865], 0.27412251179619412]","[[nan, nan], nan]","[[nan, nan], nan]","[[nan, nan], nan]","[[nan, nan], nan]","[[nan, nan], nan]","[[nan, nan], nan]","[[nan, nan], nan]","[[nan, nan], nan]","[[nan, nan], nan]","[[nan, nan], nan]","[[nan, nan], nan]","[[nan, nan], nan]"
61,Noise - Residential,"[['population between 18 and 34', 0.076811689440047265], 0.54999668356596831]","[['population other race', 0.072773471986243482], 0.70253473216939055]","[['family households', 0.089647420688521051], 0.32689552744975364]","[['population education phd', 0.32042630286201967], 0.26740272489629258]","[['renter occupied units', 0.1016799742976974], 0.46349591631768139]","[['transportation public', 0.11030836530514768], 0.40293507881643348]","[['household income less than 40', 0.2076080438012296], 0.6130776858255238]","[[nan, nan], nan]","[['rent less than 1000', 0.15388123656679814], 0.68475010788803536]","[[nan, nan], nan]","[[nan, nan], nan]","[[nan, nan], nan]","[[nan, nan], nan]","[[nan, nan], nan]","[[nan, nan], nan]","[[nan, nan], nan]","[[nan, nan], nan]","[[nan, nan], nan]"
62,Noise - Street/Sidewalk,"[['population between 18 and 34', 0.034634480281072209], 0.33225151382537987]","[['population hispanic', 0.01141140732289282], 0.20574258586028088]","[[nan, nan], nan]","[[nan, nan], nan]","[['renter occupied units', 0.02426168212422344], 0.41974900962478401]","[['transportation public', 0.021874590345069181], 0.20891297193384201]","[['household income less than 40', 0.057349015029415987], 0.30409565928972049]","[[nan, nan], nan]","[['rent less than 1000', 0.033156807722054774], 0.38961833188538209]","[[nan, nan], nan]","[[nan, nan], nan]","[[nan, nan], nan]","[[nan, nan], nan]","[[nan, nan], nan]","[[nan, nan], nan]","[[nan, nan], nan]","[[nan, nan], nan]","[[nan, nan], nan]"
63,Noise - Vehicle,"[['population between 18 and 34', 0.010899441944793505], 0.43509108550926906]","[['population other race', 0.0073498619470578723], 0.38004416594147206]","[['nonfamily households', 0.0063386023273926968], 0.30354885534623038]","[[nan, nan], nan]","[['renter occupied units', 0.0079370709579026696], 0.43057304262549562]","[['transportation public', 0.0068626574834116175], 0.33053485655379033]","[['household income less than 40', 0.016194758557178078], 0.39266030144460767]","[[nan, nan], nan]","[['rent less than 1000', 0.0083503388001446941], 0.44160892592977052]","[[nan, nan], nan]","[[nan, nan], nan]","[[nan, nan], nan]","[[nan, nan], nan]","[[nan, nan], nan]","[[nan, nan], nan]","[[nan, nan], nan]","[[nan, nan], nan]","[[nan, nan], nan]"
64,Non-Emergency Police Matter,"[[nan, nan], nan]","[['population other race', 0.0095997005532686072], 0.36436940124311945]","[[nan, nan], nan]","[['population education masters', 0.0041861542992989685], 0.22513163905907144]","[[nan, nan], nan]","[['tranportation motorcycle', 0.12787754572316828], 0.21460488936901045]","[[nan, nan], nan]","[[nan, nan], nan]","[[nan, nan], nan]","[[nan, nan], nan]","[[nan, nan], nan]","[[nan, nan], nan]","[[nan, nan], nan]","[[nan, nan], nan]","[[nan, nan], nan]","[[nan, nan], nan]","[[nan, nan], nan]","[[nan, nan], nan]"
65,Non-Residential Heat,"[['population between 18 and 34', 0.0012183420915771875], 0.22432339904606974]","[[nan, nan], nan]","[[nan, nan], nan]","[[nan, nan], nan]","[['renter occupied units', 0.00074101513785924077], 0.3073073424537085]","[['Transportation Other means', 0.0018917764772035399], 0.20384158845338968]","[[nan, nan], nan]","[[nan, nan], nan]","[['rent 2000 or more', 0.0015727339039211608], 0.21337202627212826]","[['population between 35 to 64_n', 0.002546289365000043], 0.32672387762942273]","[[nan, nan], nan]","[[nan, nan], nan]","[[nan, nan], nan]","[['renter occupied units_n', 0.00062657869535227243], 0.33017057793172028]","[[nan, nan], nan]","[[nan, nan], nan]","[[nan, nan], nan]","[[nan, nan], nan]"
66,OUTSIDE BUILDING,"[['population between 18 and 34', 0.00040715429278143382], 0.3858398638812548]","[['population hispanic', 0.00029473250362744901], 0.48442448063301902]","[['family households', 0.00067144887113302167], 0.29185499338729082]","[[nan, nan], nan]","[['renter occupied units', 0.00068791056890115298], 0.27952768513382303]","[['transportation public', 0.00086107463582015193], 0.31159306138771092]","[['household income less than 40', 0.0010807576546531484], 0.3662607022360021]","[[nan, nan], nan]","[['rent bewteen 1000 and 2000', 0.00084887285389115242], 0.39591225683570391]","[[nan, nan], nan]","[[nan, nan], nan]","[[nan, nan], nan]","[[nan, nan], nan]","[[nan, nan], nan]","[[nan, nan], nan]","[[nan, nan], nan]","[[nan, nan], nan]","[[nan, nan], nan]"
67,Other Enforcement,"[['population between 18 and 34', 0.0015172383126449325], 0.39602743762970266]","[['population other race', 0.0035468616205120928], 0.57978768519805823]","[['nonfamily households', 0.0018082776636263614], 0.46442313735103369]","[['population education bachelors', 0.0033155880509779961], 0.52903599255667522]","[['owner  occupied units', 0.0027294855087982685], 0.50209825091919225]","[['tranportation motorcycle', 0.1623609941263468], 0.49696693958849181]","[['household income 75 and above', 0.0023431746344209125], 0.49882087161449451]","[['house value 500 or more', 0.0066441534806817729], 0.21982689951809467]","[['rent 2000 or more', 0.0037450560782951404], 0.32961844396281065]","[[nan, nan], nan]","[[nan, nan], nan]","[[nan, nan], nan]","[[nan, nan], nan]","[[nan, nan], nan]","[[nan, nan], nan]","[[nan, nan], nan]","[[nan, nan], nan]","[[nan, nan], nan]"
68,Overgrown Tree/Branches,"[[nan, nan], nan]","[[nan, nan], nan]","[[nan, nan], nan]","[[nan, nan], nan]","[['owner  occupied units', 0.017333421242158125], 0.35231241836568272]","[['tranportation motorcycle', 0.059727561225353387], 0.64682782530179561]","[[nan, nan], nan]","[['house value for 100 to 500', 0.02549552563801976], 0.42074788176101913]","[[nan, nan], nan]","[[nan, nan], nan]","[[nan, nan], nan]","[[nan, nan], nan]","[[nan, nan], nan]","[[nan, nan], nan]","[[nan, nan], nan]","[[nan, nan], nan]","[[nan, nan], nan]","[[nan, nan], nan]"
69,PAINT - PLASTER,"[['Population under 18', 0.006610916353975942], 0.3668164310608889]","[['population hispanic', 0.003043028360621832], 0.47647324386555218]","[[nan, nan], nan]","[[nan, nan], nan]","[['renter occupied units', 0.007466576509516645], 0.28650197743787864]","[[nan, nan], nan]","[['household income less than 40', 0.020618623226157932], 0.40232317612283897]","[[nan, nan], nan]","[['rent less than 1000', 0.009917981242430006], 0.4696501872216397]","[[nan, nan], nan]","[[nan, nan], nan]","[[nan, nan], nan]","[[nan, nan], nan]","[[nan, nan], nan]","[[nan, nan], nan]","[[nan, nan], nan]","[[nan, nan], nan]","[[nan, nan], nan]"
70,PAINT/PLASTER,"[['Population under 18', 0.026209861740893674], 0.34854632235732302]","[['population hispanic', 0.017749790462752855], 0.53126626324163673]","[[nan, nan], nan]","[[nan, nan], nan]","[['renter occupied units', 0.039878484323134192], 0.37268084734131612]","[['transportation public', 0.046773106315166527], 0.20079939234686772]","[['household income less than 40', 0.089307143108097356], 0.46567163476325851]","[[nan, nan], nan]","[['rent less than 1000', 0.046356117854414715], 0.55140571018338758]","[[nan, nan], nan]","[[nan, nan], nan]","[[nan, nan], nan]","[[nan, nan], nan]","[[nan, nan], nan]","[[nan, nan], nan]","[[nan, nan], nan]","[[nan, nan], nan]","[[nan, nan], nan]"
71,PLUMBING,"[['Population under 18', 0.02861407553707293], 0.3998965146347695]","[['population hispanic', 0.015211925340321581], 0.60962692699798515]","[['family households', 0.033016481032169961], 0.2166273889996804]","[[nan, nan], nan]","[['renter occupied units', 0.03818484066480906], 0.39107293715908009]","[['transportation public', 0.043821560763679136], 0.27096673304659907]","[['household income less than 40', 0.093040833526465194], 0.51353105463269932]","[[nan, nan], nan]","[['rent less than 1000', 0.052611139459860096], 0.5827655132184929]","[[nan, nan], nan]","[[nan, nan], nan]","[[nan, nan], nan]","[[nan, nan], nan]","[[nan, nan], nan]","[[nan, nan], nan]","[[nan, nan], nan]","[[nan, nan], nan]","[[nan, nan], nan]"
72,Panhandling,"[[nan, nan], nan]","[[nan, nan], nan]","[['nonfamily households', 0.00016239630070056464], 0.2579239106555985]","[[nan, nan], nan]","[[nan, nan], nan]","[[nan, nan], nan]","[[nan, nan], nan]","[[nan, nan], nan]","[[nan, nan], nan]","[[nan, nan], nan]","[[nan, nan], nan]","[[nan, nan], nan]","[[nan, nan], nan]","[[nan, nan], nan]","[[nan, nan], nan]","[[nan, nan], nan]","[[nan, nan], nan]","[[nan, nan], nan]"
73,Plumbing,"[['population between 35 to 64', 0.002016975905105575], 0.24291648246140801]","[[nan, nan], nan]","[['family households', 0.001827785132924784], 0.24266202435716416]","[[nan, nan], nan]","[['owner  occupied units', 0.0016144153964292387], 0.23769391381328925]","[['tranportation motorcycle', 0.084789018334743366], 0.22843198976187429]","[[nan, nan], nan]","[[nan, nan], nan]","[[nan, nan], nan]","[[nan, nan], nan]","[[nan, nan], nan]","[[nan, nan], nan]","[[nan, nan], nan]","[[nan, nan], nan]","[[nan, nan], nan]","[[nan, nan], nan]","[[nan, nan], nan]","[[nan, nan], nan]"
74,Recycling Enforcement,"[['population between 18 and 34', 0.00040020627817880872], 0.30743623172502954]","[['population other race', 0.00016969082368705651], 0.38785609341110611]","[['nonfamily households', 0.00027312616791662456], 0.34583160282289788]","[['population education bachelors', 0.0003718680416656556], 0.33364227547817105]","[['renter occupied units', 0.00026507813119592129], 0.34199769017453002]","[['tranportation motorcycle', 0.038541915331686313], 0.35417267300399857]","[['household income less than 40', 0.00033682323521293521], 0.33690422638566808]","[[nan, nan], nan]","[['rent bewteen 1000 and 2000', 0.00050034325738318377], 0.27688623879489954]","[[nan, nan], nan]","[[nan, nan], nan]","[[nan, nan], nan]","[[nan, nan], nan]","[[nan, nan], nan]","[[nan, nan], nan]","[[nan, nan], nan]","[[nan, nan], nan]","[[nan, nan], nan]"
75,Request Xmas Tree Collection,"[[nan, nan], nan]","[[nan, nan], nan]","[[nan, nan], nan]","[[nan, nan], nan]","[[nan, nan], nan]","[['tranportation motorcycle', 0.0054970417257484382], 0.27503089551748428]","[[nan, nan], nan]","[[nan, nan], nan]","[[nan, nan], nan]","[[nan, nan], nan]","[[nan, nan], nan]","[[nan, nan], nan]","[[nan, nan], nan]","[[nan, nan], nan]","[[nan, nan], nan]","[[nan, nan], nan]","[[nan, nan], nan]","[[nan, nan], nan]"
76,Rodent,"[['population between 18 and 34', 0.012107260909564731], 0.48883555452596222]","[['population hispanic', 0.0044505988104170842], 0.52146192642890965]","[['family households', 0.0081185735575729154], 0.34675019266256762]","[[nan, nan], nan]","[['renter occupied units', 0.011707526824870423], 0.50379184610624217]","[['tranportation motorcycle', 0.19910741497244636], 0.37572743707086442]","[['household income less than 40', 0.030399219745206343], 0.5071764407907291]","[[nan, nan], nan]","[['rent less than 1000', 0.018258409826196729], 0.57443873380464761]","[[nan, nan], nan]","[[nan, nan], nan]","[[nan, nan], nan]","[[nan, nan], nan]","[[nan, nan], nan]","[[nan, nan], nan]","[[nan, nan], nan]","[[nan, nan], nan]","[[nan, nan], nan]"
77,Root/Sewer/Sidewalk Condition,"[[nan, nan], nan]","[[nan, nan], nan]","[[nan, nan], nan]","[[nan, nan], nan]","[['owner  occupied units', 0.010354338106252321], 0.40454997815579263]","[['tranportation motorcycle', 0.12901080973549278], 0.64292191719129799]","[[nan, nan], nan]","[['house value for 100 to 500', 0.015004586606897975], 0.4182940291570586]","[[nan, nan], nan]","[[nan, nan], nan]","[[nan, nan], nan]","[[nan, nan], nan]","[[nan, nan], nan]","[[nan, nan], nan]","[[nan, nan], nan]","[[nan, nan], nan]","[[nan, nan], nan]","[[nan, nan], nan]"
78,SAFETY,"[['Population under 18', 0.0031794571739018947], 0.4612672671954014]","[['population hispanic', 0.001974429728047955], 0.5536591435326601]","[['family households', 0.0041137097105258735], 0.24485773440907904]","[['population education phd', 0.016197081278696717], 0.23345340597835329]","[['renter occupied units', 0.0040656155265329855], 0.31251545815458248]","[['transportation public', 0.0045849382694637762], 0.22356634354795668]","[['household income less than 40', 0.008963370092669766], 0.49653539380395539]","[[nan, nan], nan]","[['rent less than 1000', 0.0050971335469788479], 0.54500714609175305]","[[nan, nan], nan]","[[nan, nan], nan]","[[nan, nan], nan]","[[nan, nan], nan]","[[nan, nan], nan]","[[nan, nan], nan]","[[nan, nan], nan]","[[nan, nan], nan]","[[nan, nan], nan]"
79,Sanitation Condition,"[['Population under 18', 0.007653305156614919], 0.28479845443990826]","[['population other race', 0.007840483062434591], 0.31455018029083043]","[['family households', 0.016036693699543643], 0.27497158062483745]","[['population education high school or less', 0.014965898171969262], 0.40959884760427362]","[[nan, nan], nan]","[['tranportation motorcycle', 0.046969278648356538], 0.32671928330995609]","[[nan, nan], nan]","[[nan, nan], nan]","[[nan, nan], nan]","[[nan, nan], nan]","[[nan, nan], nan]","[[nan, nan], nan]","[[nan, nan], nan]","[[nan, nan], nan]","[[nan, nan], nan]","[[nan, nan], nan]","[[nan, nan], nan]","[[nan, nan], nan]"
80,Scaffold Safety,"[['population between 18 and 34', 0.00017493903913402142], 0.20381517485185485]","[[nan, nan], nan]","[['nonfamily households', 0.00025819908242241121], 0.26802857256222712]","[[nan, nan], nan]","[['renter occupied units', 0.00010190183356349164], 0.23260987473029229]","[['tranportation motorcycle', 0.014150869305623157], 0.24725758392880995]","[['household income less than 40', 0.0003661431486466096], 0.33280099877905639]","[[nan, nan], nan]","[['rent 2000 or more', 0.00042778816280740841], 0.28750615153438452]","[[nan, nan], nan]","[[nan, nan], nan]","[[nan, nan], nan]","[[nan, nan], nan]","[[nan, nan], nan]","[[nan, nan], nan]","[[nan, nan], nan]","[[nan, nan], nan]","[[nan, nan], nan]"
81,School Maintenance,"[[nan, nan], nan]","[['population black', 0.00019478449354223986], 0.21789740337768776]","[[nan, nan], nan]","[[nan, nan], nan]","[[nan, nan], nan]","[[nan, nan], nan]","[[nan, nan], nan]","[[nan, nan], nan]","[[nan, nan], nan]","[[nan, nan], nan]","[[nan, nan], nan]","[[nan, nan], nan]","[[nan, nan], nan]","[[nan, nan], nan]","[[nan, nan], nan]","[[nan, nan], nan]","[[nan, nan], nan]","[[nan, nan], nan]"
82,Senior Center Complaint,"[[nan, nan], nan]","[[nan, nan], nan]","[[nan, nan], nan]","[[nan, nan], nan]","[['renter occupied units', 0.00011631964220117464], 0.20778913935168161]","[[nan, nan], nan]","[[nan, nan], nan]","[[nan, nan], nan]","[[nan, nan], nan]","[[nan, nan], nan]","[[nan, nan], nan]","[[nan, nan], nan]","[[nan, nan], nan]","[[nan, nan], nan]","[[nan, nan], nan]","[[nan, nan], nan]","[[nan, nan], nan]","[[nan, nan], nan]"
83,Sewer,"[[nan, nan], nan]","[[nan, nan], nan]","[[nan, nan], nan]","[[nan, nan], nan]","[['owner  occupied units', 0.028982809918834368], 0.20046530620292768]","[['transportation car', 0.030736548396971226], 0.42071105465111946]","[[nan, nan], nan]","[['house value for 100 to 500', 0.051546880909625163], 0.27468940698107858]","[[nan, nan], nan]","[[nan, nan], nan]","[[nan, nan], nan]","[[nan, nan], nan]","[[nan, nan], nan]","[[nan, nan], nan]","[[nan, nan], nan]","[[nan, nan], nan]","[[nan, nan], nan]","[[nan, nan], nan]"
84,Sidewalk Condition,"[['population between 18 and 34', 0.0030528355079152245], 0.27692970763716551]","[['population other race', 0.0015756709866700778], 0.44396711498167918]","[['nonfamily households', 0.0031363426175049034], 0.51177316354224378]","[['population education masters', 0.0048455211251128101], 0.52819302304393478]","[['owner  occupied units', 0.0017970191156663809], 0.4251973060214283]","[['tranportation motorcycle', 0.20202404008951888], 0.53704974500191083]","[['household income 75 and above', 0.0042383059280934081], 0.57828852818931575]","[['house value 500 or more', 0.0074020328608944081], 0.29924759956099484]","[['rent 2000 or more', 0.0058976393990729419], 0.55176839780850373]","[[nan, nan], nan]","[[nan, nan], nan]","[[nan, nan], nan]","[[nan, nan], nan]","[[nan, nan], nan]","[[nan, nan], nan]","[[nan, nan], nan]","[[nan, nan], nan]","[[nan, nan], nan]"
85,Smoking,"[[nan, nan], nan]","[[nan, nan], nan]","[[nan, nan], nan]","[[nan, nan], nan]","[['renter occupied units', 0.00085513944440878764], 0.32177932090854128]","[['tranportation motorcycle', 0.0061837738574807288], 0.27717547597129999]","[['household income less than 40', 0.0018586082091669933], 0.21042180141243014]","[[nan, nan], nan]","[['rent 2000 or more', 0.0016404307770783561], 0.21165839477606693]","[[nan, nan], nan]","[[nan, nan], nan]","[[nan, nan], nan]","[[nan, nan], nan]","[[nan, nan], nan]","[[nan, nan], nan]","[[nan, nan], nan]","[[nan, nan], nan]","[[nan, nan], nan]"
86,Snow,"[[nan, nan], nan]","[[nan, nan], nan]","[[nan, nan], nan]","[[nan, nan], nan]","[[nan, nan], nan]","[['tranportation motorcycle', 0.21384498525696466], 0.39092074493870144]","[[nan, nan], nan]","[[nan, nan], nan]","[[nan, nan], nan]","[[nan, nan], nan]","[[nan, nan], nan]","[[nan, nan], nan]","[[nan, nan], nan]","[[nan, nan], nan]","[[nan, nan], nan]","[[nan, nan], nan]","[[nan, nan], nan]","[[nan, nan], nan]"
87,Standing Water,"[[nan, nan], nan]","[[nan, nan], nan]","[[nan, nan], nan]","[[nan, nan], nan]","[[nan, nan], nan]","[['tranportation motorcycle', 0.047215351377473562], 0.22111102183898168]","[[nan, nan], nan]","[[nan, nan], nan]","[[nan, nan], nan]","[[nan, nan], nan]","[[nan, nan], nan]","[[nan, nan], nan]","[[nan, nan], nan]","[[nan, nan], nan]","[[nan, nan], nan]","[[nan, nan], nan]","[[nan, nan], nan]","[[nan, nan], nan]"
88,Street Condition,"[[nan, nan], nan]","[['population other race', 0.037276544952769192], 0.25393572779524776]","[[nan, nan], nan]","[[nan, nan], nan]","[['owner  occupied units', 0.076455519584401319], 0.35028442680549265]","[['tranportation motorcycle', 1.2274681902244573], 0.43760930896936168]","[[nan, nan], nan]","[['house value for 100 to 500', 0.099194974217908793], 0.21799511720121401]","[[nan, nan], nan]","[[nan, nan], nan]","[[nan, nan], nan]","[[nan, nan], nan]","[[nan, nan], nan]","[[nan, nan], nan]","[[nan, nan], nan]","[[nan, nan], nan]","[[nan, nan], nan]","[[nan, nan], nan]"
89,Sweeping/Missed,"[[nan, nan], nan]","[['population black', 0.00035447457490052516], 0.23222200365859946]","[['family households', 0.00092970789190396821], 0.20947671500086359]","[[nan, nan], nan]","[[nan, nan], nan]","[['transportation public', 0.00081671759251993666], 0.23613959620795411]","[['household income from 40 to 75', 0.0038995833129072967], 0.23211738261221621]","[[nan, nan], nan]","[['rent bewteen 1000 and 2000', 0.0016911871503617025], 0.20091107778031692]","[[nan, nan], nan]","[[nan, nan], nan]","[[nan, nan], nan]","[[nan, nan], nan]","[[nan, nan], nan]","[[nan, nan], nan]","[[nan, nan], nan]","[[nan, nan], nan]","[[nan, nan], nan]"
90,Taxi Complaint,"[['population between 18 and 34', 0.025859610345290315], 0.23910522324889971]","[[nan, nan], nan]","[['nonfamily households', 0.029544280643266963], 0.55027806731058315]","[['population education bachelors', 0.023496776293954788], 0.20526050646474028]","[['renter occupied units', 0.007510783670589008], 0.21458964971412867]","[['tranportation motorcycle', 0.64711092564070194], 0.45270892008930802]","[['household income 75 and above', 0.036148066822449726], 0.45366427597217002]","[[nan, nan], nan]","[['rent 2000 or more', 0.04967802752681745], 0.54954303752123335]","[['population between 18 and 34_n', 0.053172263230323862], 0.66864827041039998]","[['population other _n', 0.079448317262808113], 0.62361286067535848]","[['nonfamily households_n', 0.010368554615772258], 0.67676170542628089]","[['population education phd_n', 0.91546769206404377], 0.64712747501980572]","[['renter occupied units_n', 0.014370380926142569], 0.70594737033848831]","[['transportation public_n', 0.068067513938646879], 0.69780256732615631]","[['household income less than 10_n', 0.075900483654031098], 0.62616345069536405]","[['house value less than 100_n', 0.10138108235953658], 0.64610567314592837]","[['rent less than 1000_n', 0.020419123075452045], 0.62008577369887008]"
91,Taxi Report,"[[nan, nan], nan]","[[nan, nan], nan]","[['nonfamily households', 0.0008490183735399339], 0.34200385338162143]","[[nan, nan], nan]","[[nan, nan], nan]","[[nan, nan], nan]","[['household income 75 and above', 0.0010715151547861033], 0.23778124571982001]","[[nan, nan], nan]","[['rent 2000 or more', 0.0014922306171545779], 0.26842348430607849]","[['population 65 and over_n', 0.0021712435657308326], 0.59583361359961118]","[['population other _n', 0.0036481139516731736], 0.65026304414953684]","[['nonfamily households_n', 0.00045340699830719787], 0.7099315200516505]","[['population education phd_n', 0.023517868921939085], 0.58073131373072862]","[['renter occupied units_n', 0.0003656446877176357], 0.60085048977780564]","[['transportation public_n', 0.0013726137901278227], 0.67756254287963935]","[['household income less than 10_n', 0.0011065410930501582], 0.6174180916351284]","[['house value less than 100_n', 0.0019774471257572213], 0.57449523625844467]","[['rent 2000 or more_n', 0.00038384669572307271], 0.63730063940434745]"
92,Traffic,"[[nan, nan], nan]","[[nan, nan], nan]","[['nonfamily households', 0.0035954515415423682], 0.22239216624501784]","[[nan, nan], nan]","[[nan, nan], nan]","[['tranportation motorcycle', 0.10815886982918113], 0.26211868366996244]","[[nan, nan], nan]","[[nan, nan], nan]","[[nan, nan], nan]","[[nan, nan], nan]","[[nan, nan], nan]","[[nan, nan], nan]","[[nan, nan], nan]","[[nan, nan], nan]","[[nan, nan], nan]","[[nan, nan], nan]","[[nan, nan], nan]","[[nan, nan], nan]"
93,UNSANITARY CONDITION,"[['Population under 18', 0.026379215663674481], 0.41711778398282412]","[['population hispanic', 0.014417129482588859], 0.60417254049230673]","[['family households', 0.033113917056914369], 0.22633186619853049]","[['population education phd', 0.14874911844583588], 0.20538479480130672]","[['renter occupied units', 0.035173627654683591], 0.37445473384666056]","[['transportation public', 0.040318736243273978], 0.25005463971299308]","[['household income less than 40', 0.075813933911252102], 0.53650868019447984]","[[nan, nan], nan]","[['rent less than 1000', 0.044435353938015759], 0.61158663842012562]","[[nan, nan], nan]","[[nan, nan], nan]","[[nan, nan], nan]","[[nan, nan], nan]","[[nan, nan], nan]","[[nan, nan], nan]","[[nan, nan], nan]","[[nan, nan], nan]","[[nan, nan], nan]"
94,Unsanitary Animal Pvt Property,"[['population between 35 to 64', 0.00086801079972355269], 0.22643435944978399]","[['population other race', 0.00093926331773794996], 0.20819840816217247]","[['family households', 0.0011936436518282779], 0.23454905764465056]","[['population education masters', 0.0014567441827640988], 0.23909827042919801]","[[nan, nan], nan]","[[nan, nan], nan]","[[nan, nan], nan]","[[nan, nan], nan]","[[nan, nan], nan]","[[nan, nan], nan]","[[nan, nan], nan]","[[nan, nan], nan]","[[nan, nan], nan]","[[nan, nan], nan]","[[nan, nan], nan]","[[nan, nan], nan]","[[nan, nan], nan]","[[nan, nan], nan]"
95,Unsanitary Pigeon Condition,"[['population 65 and over', 0.00045293113327272966], 0.21617018503838292]","[[nan, nan], nan]","[['nonfamily households', 0.00022291215993584747], 0.20156699031145675]","[['population education phd', 0.0018054299350066011], 0.20129159444648481]","[['owner  occupied units', 0.00027841303775655085], 0.24573914597993929]","[['tranportation motorcycle', 0.034008669191899155], 0.20908686831313705]","[['household income from 40 to 75', 0.0004840447068692536], 0.22374166284076089]","[[nan, nan], nan]","[[nan, nan], nan]","[[nan, nan], nan]","[[nan, nan], nan]","[[nan, nan], nan]","[[nan, nan], nan]","[[nan, nan], nan]","[[nan, nan], nan]","[[nan, nan], nan]","[[nan, nan], nan]","[[nan, nan], nan]"
96,Urinating in Public,"[['population between 18 and 34', 0.00024227534377891006], 0.33001663801779968]","[['population other race', 0.00015816381426462224], 0.20339788548772]","[['nonfamily households', 0.00024162633023802152], 0.37618234884899038]","[['population education phd', 0.00057349394299330736], 0.27730630014651209]","[['renter occupied units', 0.00017765445617510877], 0.35785665150799389]","[['tranportation motorcycle', 0.002503152389793698], 0.37122249707612159]","[['household income less than 40', 0.00040939120233179921], 0.33623787014119955]","[[nan, nan], nan]","[['rent 2000 or more', 0.00033653065031113765], 0.36380840744041537]","[[nan, nan], nan]","[[nan, nan], nan]","[[nan, nan], nan]","[[nan, nan], nan]","[[nan, nan], nan]","[[nan, nan], nan]","[[nan, nan], nan]","[[nan, nan], nan]","[[nan, nan], nan]"
97,WATER LEAK,"[['Population under 18', 0.01331356430805165], 0.38734706481190495]","[['population black', 0.0070640050967636248], 0.56657305478184328]","[[nan, nan], nan]","[[nan, nan], nan]","[['renter occupied units', 0.017278720734912281], 0.32588270945671322]","[[nan, nan], nan]","[['household income less than 40', 0.037091013826748308], 0.49918687930386391]","[[nan, nan], nan]","[['rent less than 1000', 0.021845042365129626], 0.5642794064830966]","[[nan, nan], nan]","[[nan, nan], nan]","[[nan, nan], nan]","[[nan, nan], nan]","[[nan, nan], nan]","[[nan, nan], nan]","[[nan, nan], nan]","[[nan, nan], nan]","[[nan, nan], nan]"
98,Water Conservation,"[[nan, nan], nan]","[[nan, nan], nan]","[[nan, nan], nan]","[[nan, nan], nan]","[[nan, nan], nan]","[['tranportation motorcycle', 0.028853508920936306], 0.22153067120803693]","[[nan, nan], nan]","[[nan, nan], nan]","[[nan, nan], nan]","[[nan, nan], nan]","[[nan, nan], nan]","[[nan, nan], nan]","[[nan, nan], nan]","[[nan, nan], nan]","[[nan, nan], nan]","[[nan, nan], nan]","[[nan, nan], nan]","[[nan, nan], nan]"
99,Water Quality,"[['population 65 and over', 0.00094173673744269164], 0.32051697411526864]","[['Population white', 0.00024234661024065234], 0.36295112884925057]","[['nonfamily households', 0.0003819158730633384], 0.3330539641955732]","[['population education masters', 0.0006454682280249577], 0.35110730418500075]","[['owner  occupied units', 0.00060106992546186489], 0.3896281379372698]","[['tranportation motorcycle', 0.023259245130289784], 0.29828574483563514]","[['household income from 40 to 75', 0.00071665932823650408], 0.35257793590784509]","[[nan, nan], nan]","[[nan, nan], nan]","[[nan, nan], nan]","[[nan, nan], nan]","[[nan, nan], nan]","[[nan, nan], nan]","[[nan, nan], nan]","[[nan, nan], nan]","[[nan, nan], nan]","[[nan, nan], nan]","[[nan, nan], nan]"